{
  "folds": [
    {
      "fold": 2,
      "mae": 3.4892745098039213,
      "rmse": 4.661743436581651,
      "base_last_week_mae": 4.361666666666666,
      "base_last_week_rmse": 5.910801130134561,
      "base_ma7_mae": 3.672428571428571,
      "base_ma7_rmse": 5.012324613112252
    },
    {
      "fold": 3,
      "mae": 4.229073159050909,
      "rmse": 4.9275019313556365,
      "base_last_week_mae": 4.2780000000000005,
      "base_last_week_rmse": 6.228939984727203,
      "base_ma7_mae": 4.022857142857143,
      "base_ma7_rmse": 5.19544068829375
    },
    {
      "fold": 4,
      "mae": 4.525377208895162,
      "rmse": 5.101093466429685,
      "base_last_week_mae": 3.5143333333333326,
      "base_last_week_rmse": 5.134425316754869,
      "base_ma7_mae": 2.927047619047619,
      "base_ma7_rmse": 4.219109571726159
    }
  ],
  "mean": {
    "mae": 4.081241625916665,
    "rmse": 4.896779611455657
  },
  "std": {
    "mae": 0.43571230753610396,
    "rmse": 0.18067467612054264
  }
}