{
  "feature_order": [
    "daily_mean_temp",
    "dow",
    "month",
    "dom",
    "is_weekend",
    "lag_1",
    "lag_2",
    "lag_7",
    "lag_14",
    "roll7_mean",
    "roll7_std",
    "roll14_mean"
  ],
  "means": [
    8.000562245158,
    2.9596774193548385,
    3.3306451612903225,
    15.887096774193548,
    0.27419354838709675,
    2.321693548387097,
    2.3112500000000002,
    2.2909408602150543,
    2.3258870967741943,
    2.3094066820276486,
    0.6604194902107039,
    2.316048387096774
  ],
  "stds": [
    4.388700357585555,
    1.9894852371517995,
    1.209650537335717,
    8.787096182085149,
    0.4461069898690104,
    0.728504137838122,
    0.7203682421830365,
    0.7145308961272472,
    0.7379548726466256,
    0.20346137802003622,
    0.22243994272162665,
    0.12624799492442224
  ]
}