{
  "feature_order": [
    "daily_mean_temp",
    "dow",
    "month",
    "dom",
    "is_weekend",
    "lag_1",
    "lag_2",
    "lag_7",
    "lag_14",
    "roll7_mean",
    "roll7_std",
    "roll14_mean"
  ],
  "mean": {
    "daily_mean_temp": 6.165594618055556,
    "dow": 2.925,
    "month": 2.625,
    "dom": 15.225,
    "is_weekend": 0.275,
    "lag_1": 2.338625,
    "lag_2": 2.3334166666666665,
    "lag_7": 2.3242708333333333,
    "lag_14": 2.346791666666667,
    "roll7_mean": 2.3283154761904763,
    "roll7_std": 0.7486880082474936,
    "roll14_mean": 2.334065476190476
  },
  "std": {
    "daily_mean_temp": 3.1726055505886923,
    "dow": 2.0174868437134754,
    "month": 0.8623635463515079,
    "dom": 9.25171896446646,
    "is_weekend": 0.4493314302129501,
    "lag_1": 0.7659113310418407,
    "lag_2": 0.7651834809336064,
    "lag_7": 0.7652019048961396,
    "lag_14": 0.7344873818759727,
    "roll7_mean": 0.2238258165968871,
    "roll7_std": 0.2559911708950859,
    "roll14_mean": 0.12666071825328126
  }
}